{
	"authors": [
    {
      "id": "5b7a846290d6ff6894377fb5",
      "name": "Decker Albert"
    },
    {
      "id": "5b7a84624010db4d640e0099",
      "name": "Vincent Doyle"
    },
    {
      "id": "5b7a8462e720a86db64774e7",
      "name": "Padilla Berger"
    },
    {
      "id": "5b7a84628298a95c17462193",
      "name": "Carey Jarvis"
    },
    {
      "id": "5b7a846284414c93c2a94eb8",
      "name": "Aida Copeland"
    },
    {
      "id": "5b7a846205bf3180ca002c82",
      "name": "Wall Sandoval"
    },
    {
      "id": "5b7a8462cf7298e6d925d18c",
      "name": "Shelby Hanson"
    },
    {
      "id": "5b7a8462c5e867ec6a1a9b00",
      "name": "Jodi Barrett"
    },
    {
      "id": "5b7a8462db677f5f1fedd275",
      "name": "Baird Bright"
    },
    {
      "id": "5b7a84628f39d42b3d56174f",
      "name": "Deleon Gill"
    },
    {
      "id": "5b7a8462435c9561be3d94b1",
      "name": "Gallagher Hobbs"
    },
    {
      "id": "5b7a8462863c25502ed32168",
      "name": "Janna Kelly"
    },
    {
      "id": "5b7a846270affc8f0438eddf",
      "name": "Solomon Dotson"
    },
    {
      "id": "5b7a846297d0714fe5e92db8",
      "name": "Patrick Macdonald"
    },
    {
      "id": "5b7a8462f3034f386fae2be4",
      "name": "Atkins Newman"
    }
  ]
}